{"IcoMoonType":"selection","icons":[{"icon":{"paths":["M788.256 709.888c-262.016 0-474.24-212.384-474.24-474.24 0-86.24 24.736-166.016 64.992-235.616-218.368 62.976-379.008 261.984-379.008 500.608 0 288.992 234.24 523.36 523.264 523.36 238.624 0 437.76-160.736 500.736-379.008-69.76 40.128-149.504 64.896-235.744 64.896z"],"attrs":[{}],"isMulticolor":false,"isMulticolor2":false,"tags":["moon-fill","night"],"grid":16},"attrs":[{}],"properties":{"order":1,"id":0,"prevSize":32,"code":61371,"name":"moon-fill"},"setIdx":0,"setId":3,"iconIdx":0}],"height":1024,"metadata":{"name":"icomoon"},"preferences":{"showGlyphs":true,"showQuickUse":true,"showQuickUse2":true,"showSVGs":true,"fontPref":{"prefix":"icon-","metadata":{"fontFamily":"icomoon"},"metrics":{"emSize":1024,"baseline":6.25,"whitespace":50},"embed":false},"imagePref":{"prefix":"icon-","png":true,"useClassSelector":true,"color":0,"bgColor":16777215,"classSelector":".icon"},"historySize":50,"showCodes":false,"gridSize":16,"showGrid":false,"showLiga":false}}